Country,Year,Average precipitation in depth (mm per year),Deposit interest rate (%),Fossil fuel energy consumption (% of total),"Inflation, consumer prices (annual %)","Interest rate spread (lending rate minus deposit rate, %)",Lending interest rate (%),"Official exchange rate (LCU per US$, period average)",Real interest rate (%),Unemployment rate
Cote d'Ivoire,2001,1348.0,,34.29839715,4.36152914,,,732.3976933,,5.199
Cote d'Ivoire,2002,1348.0,,37.84871563,3.077264852,,,693.7132265,,5.516
Cote d'Ivoire,2003,1348.0,,32.50144051,3.29680747,,,579.8974262,,5.858
Cote d'Ivoire,2004,1348.0,,24.9305733,1.457988356,,,527.3380323,,5.93
Cote d'Ivoire,2005,1348.0,7.6075,25.39125672,3.885830399,-0.5583333333,7.049166667,527.2583626,5.763991453,6.041
Cote d'Ivoire,2006,1348.0,7.821666667,21.44916428,2.467191486,-3.085,4.736666667,522.4256249,3.331830891,6.04
Cote d'Ivoire,2007,1348.0,7.813333333,24.25328525,1.892006293,-3.061666667,4.751666667,478.6337185,1.613289963,6.308
Cote d'Ivoire,2008,1348.0,8.124166667,24.61665796,6.308527692,-3.14,4.984166667,446.0000414,-0.3689437178,6.404
Cote d'Ivoire,2009,1348.0,8.579166667,22.71780363,1.019504577,-3.601666667,4.9775,470.2934233,3.724734135,6.586
Cote d'Ivoire,2010,1348.0,8.386666667,23.23150743,1.226456121,-3.273333333,5.113333333,494.7942622,3.543389896,6.614
Cote d'Ivoire,2011,1348.0,8.500833333,20.86776164,4.912433951,-3.244916667,5.255916667,471.2486257,-0.4289156635,7.145
Cote d'Ivoire,2012,1348.0,7.9925,24.68015408,1.304511199,-2.953333333,5.039166667,510.5563385,5.465350419,7.223
Cote d'Ivoire,2013,1348.0,7.654166667,26.6581215,2.581170373,-2.366666667,5.2875,493.8996239,2.343357493,4.255
Cote d'Ivoire,2014,1348.0,7.258333333,26.49233002,0.4486820768,-1.92,5.338333333,493.7573299,0.8917007614,3.275
Cote d'Ivoire,2015,1348.0,6.998333333,,1.251499548,-1.844166667,5.154166667,591.211698,0.3612329554,2.574
Cote d'Ivoire,2016,1348.0,6.925,,0.7231784575,-1.63,5.295,592.6056151,6.552136669,1.896
Cote d'Ivoire,2017,1348.0,6.49,,0.6858810653,-1.35,5.14,580.6567496,6.246748203,3.273
Cote d'Ivoire,2018,1348.0,,,0.3594090314,,,555.4464584,,2.851
Cote d'Ivoire,2019,1348.0,,,-1.10686344,,,585.9110132,,2.401
Cote d'Ivoire,2020,1348.0,,,2.425006568,,,575.5860045,,2.559
Cote d'Ivoire,2021,1348.0,,,4.091951897,,,554.530675,,2.59
Cote d'Ivoire,2022,,,,5.276167243,,,623.7597009,,2.434
Cote d'Ivoire,2023,,,,4.38711707,,,606.5697502,,2.403
Ghana,2001,1187.0,30.85416667,32.17571931,41.50949629,,,0.7163051578,,9.604
Ghana,2002,1187.0,16.20833333,36.02899109,9.360932396,,,0.7924170843,,8.698
Ghana,2003,1187.0,14.32333333,36.76213635,29.77297972,,,0.8667643265,,7.722
Ghana,2004,1187.0,13.625,36.9201097,18.04273882,,,0.899494854,,6.757
Ghana,2005,1187.0,10.1625,37.602505,15.43899202,,,0.9052094858,,5.817
Ghana,2006,1187.0,8.885416667,43.03432272,11.67918394,,,0.9151067992,,4.897
Ghana,2007,1187.0,8.895833333,45.75724713,10.73426655,,,0.932619195,,5.092
Ghana,2008,1187.0,11.285,42.95207948,16.49463961,,,1.052275,,5.142
Ghana,2009,1187.0,17.06416667,46.00239359,19.24694822,,,1.404966667,,5.349
Ghana,2010,1187.0,12.87833333,49.67778841,10.73338984,,,1.429983333,,5.384
Ghana,2011,1187.0,8.908333333,49.82103972,8.728459371,,,1.520625,,4.227
Ghana,2012,1187.0,10.05,52.6160022,11.18634094,,,1.824866667,,3.141
Ghana,2013,1187.0,12.35,52.49759344,11.66619231,,,1.98135,,2.173
Ghana,2014,1187.0,12.90416667,52.54306013,15.48961603,,,2.896575,,4.412
Ghana,2015,1187.0,13.33916667,,17.1499695,,,3.714641667,,6.806
Ghana,2016,1187.0,13.04166667,,17.45463471,,,3.909816667,,5.237
Ghana,2017,1187.0,14.0625,,12.37192155,,,4.350533333,,3.369
Ghana,2018,1187.0,12.08333333,,7.808765166,,,4.585325,,3.251
Ghana,2019,1187.0,11.5,,7.143640033,,,5.217366667,,3.156
Ghana,2020,1187.0,11.5,,9.887289563,,,5.595708333,,3.285
Ghana,2021,1187.0,11.5,,9.971088675,,,5.8057,,3.338
Ghana,2022,,12.05208333,,31.2558951,,,8.2724,,3.084
Ghana,2023,,11.41666667,,38.10696563,,,11.02040833,,3.079
Kenya,2001,630.0,6.639166667,16.421786,5.738598143,13.02666667,19.66583333,78.563195,17.81250097,2.868
Kenya,2002,630.0,5.486666667,15.67695128,1.961308217,12.96666667,18.45333333,78.74914167,17.35814064,2.903
Kenya,2003,630.0,4.133333333,12.99901109,9.81569063,12.44,16.57333333,75.93556944,9.770510927,2.86
Kenya,2004,630.0,2.433333333,14.09902397,11.62403554,10.09833333,12.53166667,79.17387606,5.045257597,2.836
Kenya,2005,630.0,5.0825,15.43874425,10.31277836,7.8,12.8825,75.55410945,7.609987546,2.739
Kenya,2006,630.0,5.138702951,17.06526414,14.45373421,8.496830957,13.63553391,72.10083502,-8.009866971,2.678
Kenya,2007,630.0,5.162251046,16.64351131,9.75888023,8.178092629,13.34034368,67.31763812,4.819090788,2.65
Kenya,2008,630.0,5.302130634,16.96466644,26.23981664,8.714808744,14.01693938,69.17531982,-0.9849969723,2.752
Kenya,2009,630.0,5.96701675,18.85477295,9.234125924,8.837524492,14.80454124,77.3520123,-10.09600357,2.813
Kenya,2010,630.0,4.557366667,19.41168608,3.961388891,9.814133333,14.3715,79.2331517,12.52695849,2.793
Kenya,2011,630.0,5.628563398,19.06401864,14.0224913,9.418196593,15.04675999,88.81076997,4.526185832,2.706
Kenya,2012,630.0,11.57214466,17.11461578,9.377770035,8.151261996,19.72340665,84.52960176,9.313511345,2.686
Kenya,2013,630.0,8.641769671,18.26607228,5.71749357,8.67168802,17.31345769,86.1228789,9.29394636,2.764
Kenya,2014,630.0,8.373379608,17.37957261,6.878154993,8.140551099,16.51393071,87.92216381,8.249078992,2.768
Kenya,2015,630.0,9.188945211,,6.582154293,6.897668575,16.08661379,98.17845333,6.268805783,2.763
Kenya,2016,630.0,8.688625573,,6.297249538,7.871005073,16.55963065,101.5043695,10.11812871,2.757
Kenya,2017,630.0,7.674123258,,8.005649677,5.993449259,13.66757252,103.4100045,5.656747616,3.54
Kenya,2018,630.0,8.292700217,,4.689806468,4.768058619,13.06075884,101.301574,8.487960475,4.284
Kenya,2019,630.0,7.506070306,,5.239637958,4.935062582,12.44113289,101.9912984,7.831100748,5.014
Kenya,2020,630.0,6.968703291,,5.405162079,5.027081326,11.99578462,106.4507802,6.714634409,5.621
Kenya,2021,630.0,6.686973788,,6.107936037,5.393024559,12.07999835,109.6377466,7.427581005,5.693
Kenya,2022,,7.145175502,,7.659862683,5.190665401,12.3358409,117.8659892,5.968446875,5.805
Kenya,2023,,9.167690176,,7.67139634,4.42081154,13.58850172,139.8463838,6.546517061,5.682
