Country,Indicator,YR2001,YR2002,YR2003,YR2004,YR2005,YR2006,YR2007,YR2008,YR2009,YR2010,YR2011,YR2012,YR2013,YR2014,YR2015,YR2016,YR2017,YR2018,YR2019,YR2020,YR2021,YR2022,YR2023
Ghana,"Inflation, consumer prices (annual %)",41.50949629,9.360932396,29.77297972,18.04273882,15.43899202,11.67918394,10.73426655,16.49463961,19.24694822,10.73338984,8.728459371,11.18634094,11.66619231,15.48961603,17.1499695,17.45463471,12.37192155,7.808765166,7.143640033,9.887289563,9.971088675,31.2558951,38.10696563
Cote d'Ivoire,"Inflation, consumer prices (annual %)",4.36152914,3.077264852,3.29680747,1.457988356,3.885830399,2.467191486,1.892006293,6.308527692,1.019504577,1.226456121,4.912433951,1.304511199,2.581170373,0.4486820768,1.251499548,0.7231784575,0.6858810653,0.3594090314,-1.10686344,2.425006568,4.091951897,5.276167243,4.38711707
Kenya,"Inflation, consumer prices (annual %)",5.738598143,1.961308217,9.81569063,11.62403554,10.31277836,14.45373421,9.75888023,26.23981664,9.234125924,3.961388891,14.0224913,9.377770035,5.71749357,6.878154993,6.582154293,6.297249538,8.005649677,4.689806468,5.239637958,5.405162079,6.107936037,7.659862683,7.67139634
Ghana,"Official exchange rate (LCU per US$, period average)",0.7163051578,0.7924170843,0.8667643265,0.899494854,0.9052094858,0.9151067992,0.932619195,1.052275,1.404966667,1.429983333,1.520625,1.824866667,1.98135,2.896575,3.714641667,3.909816667,4.350533333,4.585325,5.217366667,5.595708333,5.8057,8.2724,11.02040833
Cote d'Ivoire,"Official exchange rate (LCU per US$, period average)",732.3976933,693.7132265,579.8974262,527.3380323,527.2583626,522.4256249,478.6337185,446.0000414,470.2934233,494.7942622,471.2486257,510.5563385,493.8996239,493.7573299,591.211698,592.6056151,580.6567496,555.4464584,585.9110132,575.5860045,554.530675,623.7597009,606.5697502
Kenya,"Official exchange rate (LCU per US$, period average)",78.563195,78.74914167,75.93556944,79.17387606,75.55410945,72.10083502,67.31763812,69.17531982,77.3520123,79.2331517,88.81076997,84.52960176,86.1228789,87.92216381,98.17845333,101.5043695,103.4100045,101.301574,101.9912984,106.4507802,109.6377466,117.8659892,139.8463838
Ghana,Real interest rate (%),,,,,,,,,,,,,,,,,,,,,,,
Cote d'Ivoire,Real interest rate (%),,,,,5.763991453,3.331830891,1.613289963,-0.3689437178,3.724734135,3.543389896,-0.4289156635,5.465350419,2.343357493,0.8917007614,0.3612329554,6.552136669,6.246748203,,,,,,
Kenya,Real interest rate (%),17.81250097,17.35814064,9.770510927,5.045257597,7.609987546,-8.009866971,4.819090788,-0.9849969723,-10.09600357,12.52695849,4.526185832,9.313511345,9.29394636,8.249078992,6.268805783,10.11812871,5.656747616,8.487960475,7.831100748,6.714634409,7.427581005,5.968446875,6.546517061
Ghana,Average precipitation in depth (mm per year),1187,1187,1187,1187,1187,1187,1187,1187,1187,1187,1187,1187,1187,1187,1187,1187,1187,1187,1187,1187,1187,,
Cote d'Ivoire,Average precipitation in depth (mm per year),1348,1348,1348,1348,1348,1348,1348,1348,1348,1348,1348,1348,1348,1348,1348,1348,1348,1348,1348,1348,1348,,
Kenya,Average precipitation in depth (mm per year),630,630,630,630,630,630,630,630,630,630,630,630,630,630,630,630,630,630,630,630,630,,
Ghana,Deposit interest rate (%),30.85416667,16.20833333,14.32333333,13.625,10.1625,8.885416667,8.895833333,11.285,17.06416667,12.87833333,8.908333333,10.05,12.35,12.90416667,13.33916667,13.04166667,14.0625,12.08333333,11.5,11.5,11.5,12.05208333,11.41666667
Cote d'Ivoire,Deposit interest rate (%),,,,,7.6075,7.821666667,7.813333333,8.124166667,8.579166667,8.386666667,8.500833333,7.9925,7.654166667,7.258333333,6.998333333,6.925,6.49,,,,,,
Kenya,Deposit interest rate (%),6.639166667,5.486666667,4.133333333,2.433333333,5.0825,5.138702951,5.162251046,5.302130634,5.96701675,4.557366667,5.628563398,11.57214466,8.641769671,8.373379608,9.188945211,8.688625573,7.674123258,8.292700217,7.506070306,6.968703291,6.686973788,7.145175502,9.167690176
Ghana,Lending interest rate (%),,,,,,,,,,,,,,,,,,,,,,,
Cote d'Ivoire,Lending interest rate (%),,,,,7.049166667,4.736666667,4.751666667,4.984166667,4.9775,5.113333333,5.255916667,5.039166667,5.2875,5.338333333,5.154166667,5.295,5.14,,,,,,
Kenya,Lending interest rate (%),19.66583333,18.45333333,16.57333333,12.53166667,12.8825,13.63553391,13.34034368,14.01693938,14.80454124,14.3715,15.04675999,19.72340665,17.31345769,16.51393071,16.08661379,16.55963065,13.66757252,13.06075884,12.44113289,11.99578462,12.07999835,12.3358409,13.58850172
Ghana,"Interest rate spread (lending rate minus deposit rate, %)",,,,,,,,,,,,,,,,,,,,,,,
Cote d'Ivoire,"Interest rate spread (lending rate minus deposit rate, %)",,,,,-0.5583333333,-3.085,-3.061666667,-3.14,-3.601666667,-3.273333333,-3.244916667,-2.953333333,-2.366666667,-1.92,-1.844166667,-1.63,-1.35,,,,,,
Kenya,"Interest rate spread (lending rate minus deposit rate, %)",13.02666667,12.96666667,12.44,10.09833333,7.8,8.496830957,8.178092629,8.714808744,8.837524492,9.814133333,9.418196593,8.151261996,8.67168802,8.140551099,6.897668575,7.871005073,5.993449259,4.768058619,4.935062582,5.027081326,5.393024559,5.190665401,4.42081154
Ghana,Fossil fuel energy consumption (% of total),32.17571931,36.02899109,36.76213635,36.9201097,37.602505,43.03432272,45.75724713,42.95207948,46.00239359,49.67778841,49.82103972,52.6160022,52.49759344,52.54306013,,,,,,,,,
Cote d'Ivoire,Fossil fuel energy consumption (% of total),34.29839715,37.84871563,32.50144051,24.9305733,25.39125672,21.44916428,24.25328525,24.61665796,22.71780363,23.23150743,20.86776164,24.68015408,26.6581215,26.49233002,,,,,,,,,
Kenya,Fossil fuel energy consumption (% of total),16.421786,15.67695128,12.99901109,14.09902397,15.43874425,17.06526414,16.64351131,16.96466644,18.85477295,19.41168608,19.06401864,17.11461578,18.26607228,17.37957261,,,,,,,,,
Ghana,Unemployment rate,9.604,8.698,7.722,6.757,5.817,4.897,5.092,5.142,5.349,5.384,4.227,3.141,2.173,4.412,6.806,5.237,3.369,3.251,3.156,3.285,3.338,3.084,3.079
Cote d'Ivoire,Unemployment rate,5.199,5.516,5.858,5.93,6.041,6.04,6.308,6.404,6.586,6.614,7.145,7.223,4.255,3.275,2.574,1.896,3.273,2.851,2.401,2.559,2.59,2.434,2.403
Kenya,Unemployment rate,2.868,2.903,2.86,2.836,2.739,2.678,2.65,2.752,2.813,2.793,2.706,2.686,2.764,2.768,2.763,2.757,3.54,4.284,5.014,5.621,5.693,5.805,5.682